"action_id","pillar","source_section","action_summary","primary_persona","mapped_personas","mapping_note","source_url","status"
"act-001","Pillar 1","Strengthen Canadian democracy, safety, and privacy in the AI era","Canada will modernize consumer privacy legislation to enshrine a fundamental right to privacy, safeguard children’s information from exploitation and harm, and strengthen people’s control over their personal data.","Concerned Canadian","Concerned Canadian; Future Canadian; Small Business Owner","Directly answers trust, data rights, and customer-data accountability questions.","https://ised-isde.canada.ca/site/ised/en/canadas-national-artificial-intelligence-strategy-ai-all#:~:text=Canada%20will%20modernize%20consumer%20privacy%20legislation%20to%20enshrine%20a%20fundamental%20right%20to%20privacy%2C%20safeguard%20children%E2%80%99s%20information%20from%20exploitation%20and%20harm%2C%20and%20strengthen%20people%E2%80%99s%20control%20over%20their%20personal%20data.","captured"
"act-002","Pillar 1","Strengthen Canadian democracy, safety, and privacy in the AI era","Canada will introduce online safety laws to protect Canadians in the digital age, ensuring citizens, children, and customers are safeguarded.","Concerned Canadian","Concerned Canadian; Future Canadian; Small Business Owner","Maps to deepfake, child safety, and customer trust concerns.","https://ised-isde.canada.ca/site/ised/en/canadas-national-artificial-intelligence-strategy-ai-all#:~:text=Canada%20will%20introduce%20online%20safety%20laws%20to%20protect%20Canadians%20in%20the%20digital%20age%2C%20ensuring%20citizens%2C%20children%2C%20and%20customers%20are%20safeguarded.","captured"
"act-003","Pillar 1","Strengthen Canadian democracy, safety, and privacy in the AI era","Canada will protect elections and democratic institutions from AI‑enabled misinformation and foreign interference.","Concerned Canadian","Concerned Canadian; Future Canadian","Primarily a public trust and democracy action.","https://ised-isde.canada.ca/site/ised/en/canadas-national-artificial-intelligence-strategy-ai-all#:~:text=Canada%20will%20protect%20elections%20and%20democratic%20institutions%20from%20AI%E2%80%91enabled%20misinformation%20and%20foreign%20interference.","captured"
"act-004","Pillar 1","Strengthen Canadian democracy, safety, and privacy in the AI era","For the Government’s own use of personal information, the Government will continue its review of the Privacy Act to meets the needs of Canadians in the digital age. This will include considerations around transparency, privacy, and alignment with international standards.","Concerned Canadian","Concerned Canadian; Workplace AI Adopter; Future Canadian","Relevant to citizens and public servants using AI in government services.","https://ised-isde.canada.ca/site/ised/en/canadas-national-artificial-intelligence-strategy-ai-all#:~:text=For%20the%20Government%E2%80%99s%20own%20use%20of%20personal%20information%2C%20the%20Government%20will%20continue%20its%20review%20of%20the%20Privacy%20Act%20to%20meets%20the%20needs%20of%20Canadians%20in%20the%20digital%20age.%20This%20will%20include%20considerations%20around%20transparency%2C%20privacy%2C%20and%20alignment%20with%20international%20standards.","captured"
"act-005","Pillar 1","Ensure Canadian AI infrastructure is safe and trustworthy","Canada will invest $50 million to expand the capabilities of the Canadian AI Safety Institute to track emerging AI risks, advance technical research, and to conduct transparent evaluations of AI models.","Concerned Canadian","Concerned Canadian; AI Entrepreneur; Future Canadian","Supports trust, safety evaluation, and credible Canadian AI products.","https://ised-isde.canada.ca/site/ised/en/canadas-national-artificial-intelligence-strategy-ai-all#:~:text=Canada%20will%20invest%20%2450%20million%20to%20expand%20the%20capabilities%20of%20the%20Canadian%20AI%20Safety%20Institute%20to%20track%20emerging%20AI%20risks%2C%20advance%20technical%20research%2C%20and%20to%20conduct%20transparent%20evaluations%20of%20AI%20models.","captured"
"act-006","Pillar 1","Ensure Canadian AI infrastructure is safe and trustworthy","Canada will work on AI transparency, including capabilities like watermarking of AI-generated content, so Canadians can better understand when they are interacting with AI systems and AI-generated content.","Concerned Canadian","Concerned Canadian; Small Business Owner; Future Canadian","Directly maps to labels, synthetic media, and trustworthy customer disclosure.","https://ised-isde.canada.ca/site/ised/en/canadas-national-artificial-intelligence-strategy-ai-all#:~:text=Canada%20will%20work%20on%20AI%20transparency%2C%20including%20capabilities%20like%20watermarking%20of%20AI-generated%20content%2C%20so%20Canadians%20can%20better%20understand%20when%20they%20are%20interacting%20with%20AI%20systems%20and%20AI-generated%20content.","captured"
"act-007","Pillar 1","Ensure Canadian AI infrastructure is safe and trustworthy","Canada will proactively work with frontier AI companies and international partners, leveraging our strengths in AI safety and cybersecurity, to ensure that Canadians and critical systems are protected from cyber and national security threats from advanced AI systems.","Other","Concerned Canadian; Future Canadian; Other","Important but mostly national-security and advanced-system governance rather than one persona's everyday workflow.","https://ised-isde.canada.ca/site/ised/en/canadas-national-artificial-intelligence-strategy-ai-all#:~:text=Canada%20will%20proactively%20work%20with%20frontier%20AI%20companies%20and%20international%20partners%2C%20leveraging%20our%20strengths%20in%20AI%20safety%20and%20cybersecurity%2C%20to%20ensure%20that%20Canadians%20and%20critical%20systems%20are%20protected%20from%20cyber%20and%20national%20security%20threats%20from%20advanced%20AI%20systems.","captured"
"act-008","Pillar 1","Ensure Canadian AI infrastructure is safe and trustworthy","Canada will create a Canada Trusted AI Certification program to help Canadians identify trustworthy AI products in the marketplace.","Small Business Owner","Small Business Owner; Concerned Canadian; AI Entrepreneur; Future Canadian","Helps buyers, citizens, and vendors interpret trust signals.","https://ised-isde.canada.ca/site/ised/en/canadas-national-artificial-intelligence-strategy-ai-all#:~:text=Canada%20will%20create%20a%20Canada%20Trusted%20AI%20Certification%20program%20to%20help%20Canadians%20identify%20trustworthy%20AI%20products%20in%20the%20marketplace.","captured"
"act-009","Pillar 1","Ensure Canadian AI infrastructure is safe and trustworthy","Canada will renew funding for the Standards Council of Canada’s AI Program to support our standardization ecosystem, shape global AI standards, and grow a robust AI quality assurance ecosystem. This work will enable standards-based AI testing, certification, interoperability, and global market access.","AI Entrepreneur","AI Entrepreneur; Small Business Owner; Workplace AI Adopter; Other","Most useful as market and implementation infrastructure; also informs workplace governance.","https://ised-isde.canada.ca/site/ised/en/canadas-national-artificial-intelligence-strategy-ai-all#:~:text=Canada%20will%20renew%20funding%20for%20the%20Standards%20Council%20of%20Canada%E2%80%99s%20AI%20Program%20to%20support%20our%20standardization%20ecosystem%2C%20shape%20global%20AI%20standards%2C%20and%20grow%20a%20robust%20AI%20quality%20assurance%20ecosystem.%20This%20work%20will%20enable%20standards-based%20AI%20testing%2C%20certification%2C%20interoperability%2C%20and%20global%20market%20access.","captured"
"act-010","Pillar 1","Ensure Canadian AI infrastructure is safe and trustworthy","Canada will accelerate, in partnership with law enforcement and security and intelligence agencies, applied AI research, testing, and deployment of Canadian technologies for fraud and extortion prevention, cyber defence, threat detection, and data protection.","Concerned Canadian","Concerned Canadian; Future Canadian; Other","Citizen safety is the clearest fit, with a strong security-agency component.","https://ised-isde.canada.ca/site/ised/en/canadas-national-artificial-intelligence-strategy-ai-all#:~:text=Canada%20will%20accelerate%2C%20in%20partnership%20with%20law%20enforcement%20and%20security%20and%20intelligence%20agencies%2C%20applied%20AI%20research%2C%20testing%2C%20and%20deployment%20of%20Canadian%20technologies%20for%20fraud%20and%20extortion%20prevention%2C%20cyber%20defence%2C%20threat%20detection%2C%20and%20data%20protection.","captured"
"act-011","Pillar 2","Foundational literacy to build an AI-skilled nation","Canada will create a National AI Literacy Initiative that will offer entry-level AI training accessible to all Canadians.","Student / Future Worker","Student / Future Worker; Workplace AI Adopter; Future Canadian","Broad literacy action, strongest fit with students and future workers.","https://ised-isde.canada.ca/site/ised/en/canadas-national-artificial-intelligence-strategy-ai-all#:~:text=Canada%20will%20create%20a%20National%20AI%20Literacy%20Initiative%20that%20will%20offer%20entry-level%20AI%20training%20accessible%20to%20all%20Canadians.","captured"
"act-012","Pillar 2","Foundational literacy to build an AI-skilled nation","AI literacy content will reach 1 million entry level post-secondary students and train more than 3,000 educators with AI learning kits in their classrooms. Free, accessible AI learning will include practical courses and sector-relevant modules.","Student / Future Worker","Student / Future Worker; Future Canadian","Direct education pipeline action.","https://ised-isde.canada.ca/site/ised/en/canadas-national-artificial-intelligence-strategy-ai-all#:~:text=AI%20literacy%20content%20will%20reach%201%20million%20entry%20level%20post-secondary%20students%20and%20train%20more%20than%203%2C000%20educators%20with%20AI%20learning%20kits%20in%20their%20classrooms.%20Free%2C%20accessible%20AI%20learning%20will%20include%20practical%20courses%20and%20sector-relevant%20modules.","captured"
"act-013","Pillar 2","Foundational literacy to build an AI-skilled nation","Canada will ensure all post-secondary students have access to trusted AI agents, putting capable, personal AI tools in the hands of the next generation of Canadian workers, researchers, and innovators.","Student / Future Worker","Student / Future Worker","Directly maps to student tools and readiness.","https://ised-isde.canada.ca/site/ised/en/canadas-national-artificial-intelligence-strategy-ai-all#:~:text=Canada%20will%20ensure%20all%20post-secondary%20students%20have%20access%20to%20trusted%20AI%20agents%2C%20putting%20capable%2C%20personal%20AI%20tools%20in%20the%20hands%20of%20the%20next%20generation%20of%20Canadian%20workers%2C%20researchers%2C%20and%20innovators.","captured"
"act-014","Pillar 2","Foundational literacy to build an AI-skilled nation","Through the National AI Literacy initiative, Canada will empower public libraries and community organizations, long trusted as hubs for learning, as natural partners to bring AI literacy initiatives into every community, especially those in rural, remote, and northern regions.","Future Canadian","Future Canadian; Student / Future Worker; Other","Community-access action that goes beyond a single user role.","https://ised-isde.canada.ca/site/ised/en/canadas-national-artificial-intelligence-strategy-ai-all#:~:text=Through%20the%20National%20AI%20Literacy%20initiative%2C%20Canada%20will%20empower%20public%20libraries%20and%20community%20organizations%2C%20long%20trusted%20as%20hubs%20for%20learning%2C%20as%20natural%20partners%20to%20bring%20AI%20literacy%20initiatives%20into%20every%20community%2C%20especially%20those%20in%20rural%2C%20remote%2C%20and%20northern%20regions.","captured"
"act-015","Pillar 2","Foundational literacy to build an AI-skilled nation","Canada is investing $50 million over five years through Budget 2025 to modernize the Job Bank with AI-powered job matching that automatically aligns people with opportunities matching their skills profiles and has launched a national online training platform connecting adults to free and low-cost short-duration courses, including sector-specific AI literacy skills.","Workplace AI Adopter","Workplace AI Adopter; Student / Future Worker; Future Canadian","Maps to career transition, job matching, and practical training access.","https://ised-isde.canada.ca/site/ised/en/canadas-national-artificial-intelligence-strategy-ai-all#:~:text=Canada%20is%20investing%20%2450%20million%20over%20five%20years%20through%20Budget%202025%20to%20modernize%20the%20Job%20Bank%20with%20AI-powered%20job%20matching%20that%20automatically%20aligns%20people%20with%20opportunities%20matching%20their%20skills%20profiles%20and%20has%20launched%20a%20national%20online%20training%20platform%20connecting%20adults%20to%20free%20and%20low-cost%20short-duration%20courses%2C%20including%20sector-specific%20AI%20literacy%20skills.","captured"
"act-016","Pillar 2","Foundational literacy to build an AI-skilled nation","Canada will invest $30 million in CanCode to fund not-for-profit organizations to deliver free digital skills training — including coding, AI, and emerging technologies — to youth from kindergarten to grade 12 and their educators, with emphasis on reaching underrepresented groups.","Student / Future Worker","Student / Future Worker; Future Canadian","Youth pipeline action for future workers.","https://ised-isde.canada.ca/site/ised/en/canadas-national-artificial-intelligence-strategy-ai-all#:~:text=Canada%20will%20invest%20%2430%20million%20in%20CanCode%20to%20fund%20not-for-profit%20organizations%20to%20deliver%20free%20digital%20skills%20training%20%E2%80%94%20including%20coding%2C%20AI%2C%20and%20emerging%20technologies%20%E2%80%94%20to%20youth%20from%20kindergarten%20to%20grade%2012%20and%20their%20educators%2C%20with%20emphasis%20on%20reaching%20underrepresented%20groups.","captured"
"act-017","Pillar 2","Applied workforce skills driving AI adoption","Canada will create up to 90,000 AI-related job opportunities, including 45,000 through the Student Work Placement Program and Canada Summer Jobs, and 35,000 through other initiatives such as the Skills for Success Program, and 10,000 through the Mitacs ADOPT and AI+X programs.","Student / Future Worker","Student / Future Worker; Future Canadian; Workplace AI Adopter","Direct work-placement and early-career pathway action.","https://ised-isde.canada.ca/site/ised/en/canadas-national-artificial-intelligence-strategy-ai-all#:~:text=Canada%20will%20create%20up%20to%2090%2C000%20AI-related%20job%20opportunities%2C%20including%2045%2C000%20through%20the%20Student%20Work%20Placement%20Program%20and%20Canada%20Summer%20Jobs%2C%20and%2035%2C000%20through%20other%20initiatives%20such%20as%20the%20Skills%20for%20Success%20Program%2C%20and%2010%2C000%20through%20the%20Mitacs%20ADOPT%20and%20AI%2BX%20programs.","captured"
"act-018","Pillar 2","Applied workforce skills driving AI adoption","Canada will assess training and upskill offerings for mid-career workers, including in skilled trades, to scale-up employer-led training nationwide with a strong priority on AI-related skills. This will also include work with Colleges, CÉGEPs and Polytechnics as applied AI leaders to leverage regional reach, applied research capacity, and SME partnerships to deliver hands-on adoption and improve workforce productivity.","Workplace AI Adopter","Workplace AI Adopter; Student / Future Worker; Small Business Owner","Worker transition and employer-led training action.","https://ised-isde.canada.ca/site/ised/en/canadas-national-artificial-intelligence-strategy-ai-all#:~:text=Canada%20will%20assess%20training%20and%20upskill%20offerings%20for%20mid-career%20workers%2C%20including%20in%20skilled%20trades%2C%20to%20scale-up%20employer-led%20training%20nationwide%20with%20a%20strong%20priority%20on%20AI-related%20skills.%20This%20will%20also%20include%20work%20with%20Colleges%2C%20C%C3%89GEPs%20and%20Polytechnics%20as%20applied%20AI%20leaders%20to%20leverage%20regional%20reach%2C%20applied%20research%20capacity%2C%20and%20SME%20partnerships%20to%20deliver%20hands-on%20adoption%20and%20improve%20workforce%20productivity.","captured"
"act-019","Pillar 2","Applied workforce skills driving AI adoption","Canada will accelerate AI adoption across female-dominated sectors most exposed to early disruption through the existing Women’s Program — unlocking new economic opportunities, softening transition shocks, and confronting AI-fueled online abuse that disproportionately targets women.","Workplace AI Adopter","Workplace AI Adopter; Future Canadian; Other","Important equity and labour-transition action with a sector/gender lens.","https://ised-isde.canada.ca/site/ised/en/canadas-national-artificial-intelligence-strategy-ai-all#:~:text=Canada%20will%20accelerate%20AI%20adoption%20across%20female-dominated%20sectors%20most%20exposed%20to%20early%20disruption%20through%20the%20existing%20Women%E2%80%99s%20Program%20%E2%80%94%20unlocking%20new%20economic%20opportunities%2C%20softening%20transition%20shocks%2C%20and%20confronting%20AI-fueled%20online%20abuse%20that%20disproportionately%20targets%20women.","captured"
"act-020","Pillar 2","Applied workforce skills driving AI adoption","Canada will track and assess the societal, labour market, and economic impacts of AI to guide policy and maximize benefits, leveraging Statistics Canada’s Artificial Intelligence and Technology Measurement Program.","Future Canadian","Future Canadian; Workplace AI Adopter; Concerned Canadian","Accountability and measurement action for public outcomes.","https://ised-isde.canada.ca/site/ised/en/canadas-national-artificial-intelligence-strategy-ai-all#:~:text=Canada%20will%20track%20and%20assess%20the%20societal%2C%20labour%20market%2C%20and%20economic%20impacts%20of%20AI%20to%20guide%20policy%20and%20maximize%20benefits%2C%20leveraging%20Statistics%20Canada%E2%80%99s%20Artificial%20Intelligence%20and%20Technology%20Measurement%20Program.","captured"
"act-021","Pillar 2","Supporting Indigenous leadership in AI","Canada will support and amplify Indigenous-led AI initiatives that reinforce cultural expression and linguistic vitality in Canada and around the world, building on existing efforts such as the Indigenous Languages Program at Canadian Heritage, the Indigenous Languages Technology Program at the National Research Council, and First Languages AI Reality at Mila.","Other","Future Canadian; Concerned Canadian; Other","Cross-cutting Indigenous governance and cultural action; not reducible to one app persona.","https://ised-isde.canada.ca/site/ised/en/canadas-national-artificial-intelligence-strategy-ai-all#:~:text=Canada%20will%20support%20and%20amplify%20Indigenous-led%20AI%20initiatives%20that%20reinforce%20cultural%20expression%20and%20linguistic%20vitality%20in%20Canada%20and%20around%20the%20world%2C%20building%20on%20existing%20efforts%20such%20as%20the%20Indigenous%20Languages%20Program%20at%20Canadian%20Heritage%2C%20the%20Indigenous%20Languages%20Technology%20Program%20at%20the%20National%20Research%20Council%2C%20and%20First%20Languages%20AI%20Reality%20at%20Mila.","captured"
"act-022","Pillar 2","Ensure AI reflects Canadian identity, culture, and inclusion","Canada will work on the adoption of tools that protect and promote the French language, including in Québec and in Canada’s vibrant Francophone minority communities. Critically, AI systems deployed within the government will perform equally well in both official languages.","Future Canadian","Future Canadian; Workplace AI Adopter; Other","Public-service, language, and inclusion action.","https://ised-isde.canada.ca/site/ised/en/canadas-national-artificial-intelligence-strategy-ai-all#:~:text=Canada%20will%20work%20on%20the%20adoption%20of%20tools%20that%20protect%20and%20promote%20the%20French%20language%2C%20including%20in%20Qu%C3%A9bec%20and%20in%20Canada%E2%80%99s%20vibrant%20Francophone%20minority%20communities.%20Critically%2C%20AI%20systems%20deployed%20within%20the%20government%20will%20perform%20equally%20well%20in%20both%20official%20languages.","captured"
"act-023","Pillar 2","Ensure AI reflects Canadian identity, culture, and inclusion","Canada will establish a $50 million Creative Technology Program to support Canadian creators in using AI on their own terms.","Other","Future Canadian; Other","Creator-focused action; maps to Other because the creator persona was removed.","https://ised-isde.canada.ca/site/ised/en/canadas-national-artificial-intelligence-strategy-ai-all#:~:text=Canada%20will%20establish%20a%20%2450%20million%20Creative%20Technology%20Program%20to%20support%20Canadian%20creators%20in%20using%20AI%20on%20their%20own%20terms.","captured"
"act-024","Pillar 2","Ensure AI reflects Canadian identity, culture, and inclusion","Canada will promote the world’s first AI equity-based national standard on accessible AI to drive inclusive and accessible AI and remove accessibility barriers from AI systems, and ensure Canadian AI reflects the Accessible Canada Act principles.","Future Canadian","Future Canadian; Concerned Canadian; Other","Inclusion, accessibility, and public benefit action.","https://ised-isde.canada.ca/site/ised/en/canadas-national-artificial-intelligence-strategy-ai-all#:~:text=Canada%20will%20promote%20the%20world%E2%80%99s%20first%20AI%20equity-based%20national%20standard%20on%20accessible%20AI%20to%20drive%20inclusive%20and%20accessible%20AI%20and%20remove%20accessibility%20barriers%20from%20AI%20systems%2C%20and%20ensure%20Canadian%20AI%20reflects%20the%20Accessible%20Canada%20Act%20principles.","captured"
"act-025","Pillar 2","Ensure AI reflects Canadian identity, culture, and inclusion","The Government of Canada commits to applying Gender-Based Analysis Plus in a meaningful way across policy design, skills development, innovation, and governance to ensure that AI reflects our values, protects those most impacted, and leads to outcomes that are safe, inclusive, and beneficial for all Canadians.","Future Canadian","Future Canadian; Concerned Canadian; Workplace AI Adopter; Other","Cross-cutting equity lens for policy and implementation.","https://ised-isde.canada.ca/site/ised/en/canadas-national-artificial-intelligence-strategy-ai-all#:~:text=The%20Government%20of%20Canada%20commits%20to%20applying%20Gender-Based%20Analysis%20Plus%20in%20a%20meaningful%20way%20across%20policy%20design%2C%20skills%20development%2C%20innovation%2C%20and%20governance%20to%20ensure%20that%20AI%20reflects%20our%20values%2C%20protects%20those%20most%20impacted%2C%20and%20leads%20to%20outcomes%20that%20are%20safe%2C%20inclusive%2C%20and%20beneficial%20for%20all%20Canadians.","captured"
"act-026","Pillar 3","Accelerating AI adoption across Canadian SMEs","Canada will utilize the LIFT program, a $500 million initiative from the Business Development Bank of Canada (BDC) to help Canadian SMEs access financing to incorporate AI tools in their operations.","Small Business Owner","Small Business Owner","Direct SME financing action.","https://ised-isde.canada.ca/site/ised/en/canadas-national-artificial-intelligence-strategy-ai-all#:~:text=Canada%20will%20utilize%20the%20LIFT%20program%2C%20a%20%24500%20million%20initiative%20from%20the%20Business%20Development%20Bank%20of%20Canada%20(BDC)%20to%20help%20Canadian%20SMEs%20access%20financing%20to%20incorporate%20AI%20tools%20in%20their%20operations.","captured"
"act-027","Pillar 3","Accelerating AI adoption across Canadian SMEs","Canada will invest $500 million to expand and enhance the Regional Artificial Intelligence Initiative delivered through Regional Development Agencies to accelerate adoption and commercialization of AI across the country.","Small Business Owner","Small Business Owner; AI Entrepreneur; Future Canadian","Regional adoption and commercialization support.","https://ised-isde.canada.ca/site/ised/en/canadas-national-artificial-intelligence-strategy-ai-all#:~:text=Canada%20will%20invest%20%24500%20million%20to%20expand%20and%20enhance%20the%20Regional%20Artificial%20Intelligence%20Initiative%20delivered%20through%20Regional%20Development%20Agencies%20to%20accelerate%20adoption%20and%20commercialization%20of%20AI%20across%20the%20country.","captured"
"act-028","Pillar 3","Accelerating AI adoption across Canadian SMEs","Canada will support the development of an AI Literacy and Adoption Assessment tool and other online resources that help SMEs and entrepreneurs assess their AI readiness, identify practical use cases, understand potential business impacts in a low-risk environment, and connect with critical programs and development agencies.","Small Business Owner","Small Business Owner; Workplace AI Adopter","Practical adoption guidance for owners and teams.","https://ised-isde.canada.ca/site/ised/en/canadas-national-artificial-intelligence-strategy-ai-all#:~:text=Canada%20will%20support%20the%20development%20of%20an%20AI%20Literacy%20and%20Adoption%20Assessment%20tool%20and%20other%20online%20resources%20that%20help%20SMEs%20and%20entrepreneurs%20assess%20their%20AI%20readiness%2C%20identify%20practical%20use%20cases%2C%20understand%20potential%20business%20impacts%20in%20a%20low-risk%20environment%2C%20and%20connect%20with%20critical%20programs%20and%20development%20agencies.","captured"
"act-029","Pillar 3","Accelerating AI adoption across Canadian SMEs","Canada will provide targeted support to strengthen AI adoption among Canadian entrepreneurs through the Small Business and Entrepreneurship Development Program.","Small Business Owner","Small Business Owner; AI Entrepreneur","Entrepreneurship and adoption support.","https://ised-isde.canada.ca/site/ised/en/canadas-national-artificial-intelligence-strategy-ai-all#:~:text=Canada%20will%20provide%20targeted%20support%20to%20strengthen%20AI%20adoption%20among%20Canadian%20entrepreneurs%20through%20the%20Small%20Business%20and%20Entrepreneurship%20Development%20Program.","captured"
"act-030","Pillar 3","Accelerating AI adoption across Canadian SMEs","Canada will leverage the SR&ED tax credit and the Productivity Super-Deduction announced in Budget 2025 to catalyze private sector investment and make innovation more affordable.","Small Business Owner","Small Business Owner; AI Entrepreneur","Tax and investment incentive action for business adoption and innovation.","https://ised-isde.canada.ca/site/ised/en/canadas-national-artificial-intelligence-strategy-ai-all#:~:text=Canada%20will%20leverage%20the%20SR%26ED%20tax%20credit%20and%20the%20Productivity%20Super-Deduction%20announced%20in%20Budget%202025%20to%20catalyze%20private%20sector%20investment%20and%20make%20innovation%20more%20affordable.","captured"
"act-031","Pillar 3","Solving national challenges through AI missions","Canada will launch a new AI Missions Program to advance targeted, high-impact projects that deliver significant public good and demonstrate meaningful improvements in Canadians' lives. The first mission will commit $200 million to improving health outcomes for Canadians. More missions will follow in other priority sectors.","Future Canadian","Future Canadian; Concerned Canadian; AI Entrepreneur","Public-good mission action with health as the first visible benefit area.","https://ised-isde.canada.ca/site/ised/en/canadas-national-artificial-intelligence-strategy-ai-all#:~:text=Canada%20will%20launch%20a%20new%20AI%20Missions%20Program%20to%20advance%20targeted%2C%20high-impact%20projects%20that%20deliver%20significant%20public%20good%20and%20demonstrate%20meaningful%20improvements%20in%20Canadians'%20lives.%20The%20first%20mission%20will%20commit%20%24200%20million%20to%20improving%20health%20outcomes%20for%20Canadians.%20More%20missions%20will%20follow%20in%20other%20priority%20sectors.","captured"
"act-032","Pillar 3","Solving national challenges through AI missions","Canada will launch sector-specific Workforce Alliances across six priority sectors to bring together governments, employers, unions, post-secondary institutions, and Indigenous partners to identify skills gaps, coordinate talent pipelines, and align public-private investment with workforce transformation needs across essential economic sectors.","Workplace AI Adopter","Workplace AI Adopter; Student / Future Worker; Future Canadian","Workforce coordination action across sectors.","https://ised-isde.canada.ca/site/ised/en/canadas-national-artificial-intelligence-strategy-ai-all#:~:text=Canada%20will%20launch%20sector-specific%20Workforce%20Alliances%20across%20six%20priority%20sectors%20to%20bring%20together%20governments%2C%20employers%2C%20unions%2C%20post-secondary%20institutions%2C%20and%20Indigenous%20partners%20to%20identify%20skills%20gaps%2C%20coordinate%20talent%20pipelines%2C%20and%20align%20public-private%20investment%20with%20workforce%20transformation%20needs%20across%20essential%20economic%20sectors.","captured"
"act-033","Pillar 3","Transforming Public Service Delivery with AI","Canada will accelerate the procurement and delivery of AI solutions across the federal government through the Office of Digital Transformation.","Workplace AI Adopter","Workplace AI Adopter; AI Entrepreneur; Future Canadian","Public-service implementation and government buyer action.","https://ised-isde.canada.ca/site/ised/en/canadas-national-artificial-intelligence-strategy-ai-all#:~:text=Canada%20will%20accelerate%20the%20procurement%20and%20delivery%20of%20AI%20solutions%20across%20the%20federal%20government%20through%20the%20Office%20of%20Digital%20Transformation.","captured"
"act-034","Pillar 3","Transforming Public Service Delivery with AI","Canada will launch the Prime Minister’s Innovation Fellows Program to recruit and deploy technical talent that rapidly builds the internal muscle, operational capacity, and commercial fluency required to procure, evaluate, and deploy AI systems effectively within government.","Workplace AI Adopter","Workplace AI Adopter; AI Entrepreneur; Future Canadian","Public-sector talent and delivery-capacity action.","https://ised-isde.canada.ca/site/ised/en/canadas-national-artificial-intelligence-strategy-ai-all#:~:text=Canada%20will%20launch%20the%20Prime%20Minister%E2%80%99s%20Innovation%20Fellows%20Program%20to%20recruit%20and%20deploy%20technical%20talent%20that%20rapidly%20builds%20the%20internal%20muscle%2C%20operational%20capacity%2C%20and%20commercial%20fluency%20required%20to%20procure%2C%20evaluate%2C%20and%20deploy%20AI%20systems%20effectively%20within%20government.","captured"
"act-035","Pillar 4","Sovereign compute, cloud, and connectivity","Canada will build a world-leading public supercomputer, giving Canadian researchers and SMEs access to secure, sovereign, high-performance compute for cutting-edge public and industry-driven innovation.","AI Entrepreneur","AI Entrepreneur; Small Business Owner; Future Canadian","Compute access is a core founder and commercialization need.","https://ised-isde.canada.ca/site/ised/en/canadas-national-artificial-intelligence-strategy-ai-all#:~:text=Canada%20will%20build%20a%20world-leading%20public%20supercomputer%2C%20giving%20Canadian%20researchers%20and%20SMEs%20access%20to%20secure%2C%20sovereign%2C%20high-performance%20compute%20for%20cutting-edge%20public%20and%20industry-driven%20innovation.","captured"
"act-036","Pillar 4","Sovereign compute, cloud, and connectivity","Canada will leverage government and industrial AI workloads and crowd-in private capital to significantly expand sovereign compute and cloud infrastructure. This will support the construction of large‑scale AI data centres that can scale to at least 100 megawatts (MW), and that are designed to serve a broad spectrum of Canadian clients. These partnerships are being finalized, and have proposed providing 850 MW of compute capacity by 2030, with scaling capacity of up to 2.3 GW with corresponding investments in the tens of billions.","Future Canadian","Future Canadian; AI Entrepreneur; Small Business Owner; Concerned Canadian","Infrastructure action with public-benefit, sovereignty, and business-access implications.","https://ised-isde.canada.ca/site/ised/en/canadas-national-artificial-intelligence-strategy-ai-all#:~:text=Canada%20will%20leverage%20government%20and%20industrial%20AI%20workloads%20and%20crowd-in%20private%20capital%20to%20significantly%20expand%20sovereign%20compute%20and%20cloud%20infrastructure.%20This%20will%20support%20the%20construction%20of%20large%E2%80%91scale%20AI%20data%20centres%20that%20can%20scale%20to%20at%20least%20100%20megawatts%20(MW)%2C%20and%20that%20are%20designed%20to%20serve%20a%20broad%20spectrum%20of%20Canadian%20clients.%20These%20partnerships%20are%20being%20finalized%2C%20and%20have%20proposed%20providing%20850%20MW%20of%20compute%20capacity%20by%202030%2C%20with%20scaling%20capacity%20of%20up%20to%202.3%20GW%20with%20corresponding%20investments%20in%20the%20tens%20of%20billions.","captured"
"act-037","Pillar 4","Sovereign compute, cloud, and connectivity","Canada will expand diverse high-capacity fibre lines and satellite connectivity, resulting in resilient network infrastructure with sovereign capabilities.","Other","Future Canadian; Small Business Owner; Other","Connectivity infrastructure action that mostly sits below the persona layer.","https://ised-isde.canada.ca/site/ised/en/canadas-national-artificial-intelligence-strategy-ai-all#:~:text=Canada%20will%20expand%20diverse%20high-capacity%20fibre%20lines%20and%20satellite%20connectivity%2C%20resulting%20in%20resilient%20network%20infrastructure%20with%20sovereign%20capabilities.","captured"
"act-038","Pillar 4","Sovereign compute, cloud, and connectivity","Canada will further enhance and secure its chip design and fabrication capabilities, building on the recent announcement to spin off the National Research Council’s Photonics Fabrication Centre.","Other","AI Entrepreneur; Other","Hardware supply-chain action with limited direct persona fit.","https://ised-isde.canada.ca/site/ised/en/canadas-national-artificial-intelligence-strategy-ai-all#:~:text=Canada%20will%20further%20enhance%20and%20secure%20its%20chip%20design%20and%20fabrication%20capabilities%2C%20building%20on%20the%20recent%20announcement%20to%20spin%20off%20the%20National%20Research%20Council%E2%80%99s%20Photonics%20Fabrication%20Centre.","captured"
"act-039","Pillar 4","Sovereign compute, cloud, and connectivity","Canada will invest to build and reinforce secure digital systems used for Government operations, including sovereign cloud, AI, cyber and quantum initiatives.","Concerned Canadian","Concerned Canadian; Workplace AI Adopter; Future Canadian; Other","Trust, public-service, and national infrastructure action.","https://ised-isde.canada.ca/site/ised/en/canadas-national-artificial-intelligence-strategy-ai-all#:~:text=Canada%20will%20invest%20to%20build%20and%20reinforce%20secure%20digital%20systems%20used%20for%20Government%20operations%2C%20including%20sovereign%20cloud%2C%20AI%2C%20cyber%20and%20quantum%20initiatives.","captured"
"act-040","Pillar 4","Unlocking the power of data","Canada will invest $100 million to launch the Health Sector Data Space, in partnership with the Canadian Institute for Health Information (CIHI), to link secure, private and standardized datasets to strengthen clinical trials, health services research and performance measurements.","Future Canadian","Future Canadian; Concerned Canadian; AI Entrepreneur","Health-data action balancing care improvement, privacy, and innovation.","https://ised-isde.canada.ca/site/ised/en/canadas-national-artificial-intelligence-strategy-ai-all#:~:text=Canada%20will%20invest%20%24100%20million%20to%20launch%20the%20Health%20Sector%20Data%20Space%2C%20in%20partnership%20with%20the%20Canadian%20Institute%20for%20Health%20Information%20(CIHI)%2C%20to%20link%20secure%2C%20private%20and%20standardized%20datasets%20to%20strengthen%20clinical%20trials%2C%20health%20services%20research%20and%20performance%20measurements.","captured"
"act-041","Pillar 4","Unlocking the power of data","Canada will also invest $100 million to expand VITAL in five additional provinces, supporting its ability to leverage clinical data from hospitals and enable health data innovation that reduces mortality rates and accelerates critical care for Canadians.","Future Canadian","Future Canadian; Concerned Canadian; AI Entrepreneur","Health-system and health-data innovation action.","https://ised-isde.canada.ca/site/ised/en/canadas-national-artificial-intelligence-strategy-ai-all#:~:text=Canada%20will%20also%20invest%20%24100%20million%20to%20expand%20VITAL%20in%20five%20additional%20provinces%2C%20supporting%20its%20ability%20to%20leverage%20clinical%20data%20from%20hospitals%20and%20enable%20health%20data%20innovation%20that%20reduces%20mortality%20rates%20and%20accelerates%20critical%20care%20for%20Canadians.","captured"
"act-042","Pillar 4","Anchoring world-class research talent in Canada","Canada will strengthen our network of national AI institutes and increase the Canada CIFAR AI Chairs program from 130 to nearly 200 researchers. This means more world-class AI talent working in Canada, more ideas moving from research labs into businesses and public services, and more support to help Canadians understand and use AI.","Student / Future Worker","Student / Future Worker; AI Entrepreneur; Future Canadian","Talent pipeline and research-commercialization action.","https://ised-isde.canada.ca/site/ised/en/canadas-national-artificial-intelligence-strategy-ai-all#:~:text=Canada%20will%20strengthen%20our%20network%20of%20national%20AI%20institutes%20and%20increase%20the%20Canada%20CIFAR%20AI%20Chairs%20program%20from%20130%20to%20nearly%20200%20researchers.%20This%20means%20more%20world-class%20AI%20talent%20working%20in%20Canada%2C%20more%20ideas%20moving%20from%20research%20labs%20into%20businesses%20and%20public%20services%2C%20and%20more%20support%20to%20help%20Canadians%20understand%20and%20use%20AI.","captured"
"act-043","Pillar 4","Anchoring world-class research talent in Canada","Canada will expand the Global Talent Stream to accelerate entry and onboarding of highly-skilled AI workers, and align measures for permanent residency to retain the talent Canada recruits.","AI Entrepreneur","AI Entrepreneur; Student / Future Worker; Other","Talent attraction matters most to scaling companies and research capacity.","https://ised-isde.canada.ca/site/ised/en/canadas-national-artificial-intelligence-strategy-ai-all#:~:text=Canada%20will%20expand%20the%20Global%20Talent%20Stream%20to%20accelerate%20entry%20and%20onboarding%20of%20highly-skilled%20AI%20workers%2C%20and%20align%20measures%20for%20permanent%20residency%20to%20retain%20the%20talent%20Canada%20recruits.","captured"
"act-044","Pillar 5","Creating an investment flywheel that rewards responsible risk-taking","Canada will establish a $500 million Canadian Tech Growth Fund to help close the scale-up capital gap facing Canada’s most promising AI companies. The Fund will provide flexible growth capital and investment support, and enable the federal government, at times, to take equity stakes in the most promising Canadian AI firms. This will help them attract private capital, compete globally, retain talent and intellectual property, and remain anchored in Canada. Where appropriate, Canada will leverage its recently announced Sovereign Wealth Fund to further support emerging national champions.","AI Entrepreneur","AI Entrepreneur; Future Canadian","Core scale-up capital action with public-upside implications.","https://ised-isde.canada.ca/site/ised/en/canadas-national-artificial-intelligence-strategy-ai-all#:~:text=Canada%20will%20establish%20a%20%24500%20million%20Canadian%20Tech%20Growth%20Fund%20to%20help%20close%20the%20scale-up%20capital%20gap%20facing%20Canada%E2%80%99s%20most%20promising%20AI%20companies.%20The%20Fund%20will%20provide%20flexible%20growth%20capital%20and%20investment%20support%2C%20and%20enable%20the%20federal%20government%2C%20at%20times%2C%20to%20take%20equity%20stakes%20in%20the%20most%20promising%20Canadian%20AI%20firms.%20This%20will%20help%20them%20attract%20private%20capital%2C%20compete%20globally%2C%20retain%20talent%20and%20intellectual%20property%2C%20and%20remain%20anchored%20in%20Canada.%20Where%20appropriate%2C%20Canada%20will%20leverage%20its%20recently%20announced%20Sovereign%20Wealth%20Fund%20to%20further%20support%20emerging%20national%20champions.","captured"
"act-045","Pillar 5","Creating an investment flywheel that rewards responsible risk-taking","By Budget 2026, the Department of Finance will work with experts to explore mechanisms that encourage Canadians to reinvest gains earned from successful tech companies into new Canadian AI startups.","AI Entrepreneur","AI Entrepreneur; Other","Startup-capital recycling action with narrow founder/investor fit.","https://ised-isde.canada.ca/site/ised/en/canadas-national-artificial-intelligence-strategy-ai-all#:~:text=By%20Budget%202026%2C%20the%20Department%20of%20Finance%20will%20work%20with%20experts%20to%20explore%20mechanisms%20that%20encourage%20Canadians%20to%20reinvest%20gains%20earned%20from%20successful%20tech%20companies%20into%20new%20Canadian%20AI%20startups.","captured"
"act-046","Pillar 5","Creating an investment flywheel that rewards responsible risk-taking","Canada will also leverage $1.75 billion of federal investments and commitments announced in Budget 2025 to stimulate private sector investment in venture capital and address access to capital gaps for innovative companies, including those in AI.","AI Entrepreneur","AI Entrepreneur","Scale-up financing action.","https://ised-isde.canada.ca/site/ised/en/canadas-national-artificial-intelligence-strategy-ai-all#:~:text=Canada%20will%20also%20leverage%20%241.75%20billion%20of%20federal%20investments%20and%20commitments%20announced%20in%20Budget%202025%20to%20stimulate%20private%20sector%20investment%20in%20venture%20capital%20and%20address%20access%20to%20capital%20gaps%20for%20innovative%20companies%2C%20including%20those%20in%20AI.","captured"
"act-047","Pillar 5","Creating an investment flywheel that rewards responsible risk-taking","Canada will establish the federal government as a strategic anchor customer and leverage the Buy Canadian policy to provide domestic scale-ups with the revenue and validation they need to successfully export their solutions globally.","AI Entrepreneur","AI Entrepreneur; Workplace AI Adopter; Future Canadian","Government customer action for founders and public-service adoption.","https://ised-isde.canada.ca/site/ised/en/canadas-national-artificial-intelligence-strategy-ai-all#:~:text=Canada%20will%20establish%20the%20federal%20government%20as%20a%20strategic%20anchor%20customer%20and%20leverage%20the%20Buy%20Canadian%20policy%20to%20provide%20domestic%20scale-ups%20with%20the%20revenue%20and%20validation%20they%20need%20to%20successfully%20export%20their%20solutions%20globally.","captured"
"act-048","Pillar 5","Accelerating SME commercialization on Canadian infrastructure","Canada will provide Canadian SMEs with an additional $700 million in affordable sovereign compute through an expansion of the Compute Access Fund.","AI Entrepreneur","AI Entrepreneur; Small Business Owner","Compute access for commercialization and adoption.","https://ised-isde.canada.ca/site/ised/en/canadas-national-artificial-intelligence-strategy-ai-all#:~:text=Canada%20will%20provide%20Canadian%20SMEs%20with%20an%20additional%20%24700%20million%20in%20affordable%20sovereign%20compute%20through%20an%20expansion%20of%20the%20Compute%20Access%20Fund.","captured"
"act-049","Pillar 5","Accelerating SME commercialization on Canadian infrastructure","Canada will invest $130 million for commercialization programs across the National AI Institutes, including for Founders-in-Residence, to cultivate a new generation of AI entrepreneurs.","AI Entrepreneur","AI Entrepreneur; Student / Future Worker","Founder creation and research-to-market action.","https://ised-isde.canada.ca/site/ised/en/canadas-national-artificial-intelligence-strategy-ai-all#:~:text=Canada%20will%20invest%20%24130%20million%20for%20commercialization%20programs%20across%20the%20National%20AI%20Institutes%2C%20including%20for%20Founders-in-Residence%2C%20to%20cultivate%20a%20new%20generation%20of%20AI%20entrepreneurs.","captured"
"act-050","Pillar 5","Accelerating SME commercialization on Canadian infrastructure","Canada will assess the full continuum of innovation programs to better align existing innovation instruments so that the path from research to market is shorter, clearer, and built around the needs of Canadian entrepreneurs.","AI Entrepreneur","AI Entrepreneur","Founder and commercialization-system action.","https://ised-isde.canada.ca/site/ised/en/canadas-national-artificial-intelligence-strategy-ai-all#:~:text=Canada%20will%20assess%20the%20full%20continuum%20of%20innovation%20programs%20to%20better%20align%20existing%20innovation%20instruments%20so%20that%20the%20path%20from%20research%20to%20market%20is%20shorter%2C%20clearer%2C%20and%20built%20around%20the%20needs%20of%20Canadian%20entrepreneurs.","captured"
"act-051","Pillar 5","Accelerating SME commercialization on Canadian infrastructure","Canada will leverage $159 million invested in Budget 2025 through the Elevate IP and IP Assist programs to protect Canadian intellectual property and support SMEs to commercialize their intangible assets in the global marketplace.","AI Entrepreneur","AI Entrepreneur; Small Business Owner","IP and commercialization support for firms.","https://ised-isde.canada.ca/site/ised/en/canadas-national-artificial-intelligence-strategy-ai-all#:~:text=Canada%20will%20leverage%20%24159%20million%20invested%20in%20Budget%202025%20through%20the%20Elevate%20IP%20and%20IP%20Assist%20programs%20to%20protect%20Canadian%20intellectual%20property%20and%20support%20SMEs%20to%20commercialize%20their%20intangible%20assets%20in%20the%20global%20marketplace.","captured"
"act-052","Pillar 5","Championing our foundation models","Canada will anchor its homegrown foundation model capabilities at home, and support their international growth by exporting them to a growing global market actively seeking trusted alternatives.","AI Entrepreneur","AI Entrepreneur; Future Canadian; Other","Foundation-model sovereignty and export action.","https://ised-isde.canada.ca/site/ised/en/canadas-national-artificial-intelligence-strategy-ai-all#:~:text=Canada%20will%20anchor%20its%20homegrown%20foundation%20model%20capabilities%20at%20home%2C%20and%20support%20their%20international%20growth%20by%20exporting%20them%20to%20a%20growing%20global%20market%20actively%20seeking%20trusted%20alternatives.","captured"
"act-053","Pillar 5","Championing our foundation models","Canada will support research in Canadian foundation models built with safety at their core, drawing on the country's deep bench of AI safety research to make trustworthiness a defining feature of Canadian models.","AI Entrepreneur","AI Entrepreneur; Concerned Canadian; Future Canadian","Connects model development with trust and safety.","https://ised-isde.canada.ca/site/ised/en/canadas-national-artificial-intelligence-strategy-ai-all#:~:text=Canada%20will%20support%20research%20in%20Canadian%20foundation%20models%20built%20with%20safety%20at%20their%20core%2C%20drawing%20on%20the%20country's%20deep%20bench%20of%20AI%20safety%20research%20to%20make%20trustworthiness%20a%20defining%20feature%20of%20Canadian%20models.","captured"
"act-054","Pillar 6","Spearheading a multinational sovereign technology alliance","Canada will expand the newly formed Sovereign Technology Alliance to enable secure and interoperable AI capabilities and open procurement opportunities for domestic champions. This will accelerate responsible AI adoption, de-risk private-sector investment and cross-border deployment, reduce strategic dependence on dominant technology ecosystems while safeguarding rights and data, and expand joint research, talent, and investment opportunities.","AI Entrepreneur","AI Entrepreneur; Future Canadian; Other","Market access and strategic-autonomy action.","https://ised-isde.canada.ca/site/ised/en/canadas-national-artificial-intelligence-strategy-ai-all#:~:text=Canada%20will%20expand%20the%20newly%20formed%20Sovereign%20Technology%20Alliance%20to%20enable%20secure%20and%20interoperable%20AI%20capabilities%20and%20open%20procurement%20opportunities%20for%20domestic%20champions.%20This%20will%20accelerate%20responsible%20AI%20adoption%2C%20de-risk%20private-sector%20investment%20and%20cross-border%20deployment%2C%20reduce%20strategic%20dependence%20on%20dominant%20technology%20ecosystems%20while%20safeguarding%20rights%20and%20data%2C%20and%20expand%20joint%20research%2C%20talent%2C%20and%20investment%20opportunities.","captured"
"act-055","Pillar 6","Spearheading a multinational sovereign technology alliance","Canada will leverage the Trade Commissioner Service and diplomatic networks to attract foreign investment in AI, showcase Canadian champions abroad, and enable new markets for Canadian firms.","AI Entrepreneur","AI Entrepreneur","Export and investment support for Canadian AI firms.","https://ised-isde.canada.ca/site/ised/en/canadas-national-artificial-intelligence-strategy-ai-all#:~:text=Canada%20will%20leverage%20the%20Trade%20Commissioner%20Service%20and%20diplomatic%20networks%20to%20attract%20foreign%20investment%20in%20AI%2C%20showcase%20Canadian%20champions%20abroad%2C%20and%20enable%20new%20markets%20for%20Canadian%20firms.","captured"
"act-056","Pillar 6","Advancing open-source AI for resilience and choice","Canada will lead a global, multi-stakeholder effort to invest in and sustain open-source AI development in the public interest, working with like-minded countries, Canadian AI institutes, researchers, civil society, industry, and global open-source organizations.","Other","Small Business Owner; AI Entrepreneur; Future Canadian; Other","Open-source ecosystem action with public-interest and adoption implications.","https://ised-isde.canada.ca/site/ised/en/canadas-national-artificial-intelligence-strategy-ai-all#:~:text=Canada%20will%20lead%20a%20global%2C%20multi-stakeholder%20effort%20to%20invest%20in%20and%20sustain%20open-source%20AI%20development%20in%20the%20public%20interest%2C%20working%20with%20like-minded%20countries%2C%20Canadian%20AI%20institutes%2C%20researchers%2C%20civil%20society%2C%20industry%2C%20and%20global%20open-source%20organizations.","captured"
"act-057","Pillar 6","Advancing open-source AI for resilience and choice","Canada will support the responsible adoption of open-source AI by Canadian researchers, SMEs, not-for-profit organizations, and public-interest innovators, working to create an inventory and shared library of access tools that are transparent, adaptable, secure, and aligned with Canadian needs.","Small Business Owner","Small Business Owner; AI Entrepreneur; Workplace AI Adopter; Other","Practical tool-access action for SMEs, innovators, and teams.","https://ised-isde.canada.ca/site/ised/en/canadas-national-artificial-intelligence-strategy-ai-all#:~:text=Canada%20will%20support%20the%20responsible%20adoption%20of%20open-source%20AI%20by%20Canadian%20researchers%2C%20SMEs%2C%20not-for-profit%20organizations%2C%20and%20public-interest%20innovators%2C%20working%20to%20create%20an%20inventory%20and%20shared%20library%20of%20access%20tools%20that%20are%20transparent%2C%20adaptable%2C%20secure%2C%20and%20aligned%20with%20Canadian%20needs.","captured"
"act-058","Pillar 6","Expanding international partnerships and AI collaboration","Europe: Germany is Canada’s anchor partner through the Sovereign Technology Alliance, with broader cooperation on critical minerals, clean energy, aerospace and defence. The UK is advancing joint work on AI safety, standards and defence AI. France is coordinating with Canada on AI governance under its G7 Presidency. The EU-Canada Strategic Partnership of the Future will embed AI alongside critical minerals, clean energy and defence. Finland and Norway add complementary strengths in connectivity, space, digitalization and critical minerals.","Other","AI Entrepreneur; Other","International partnership action; relevant to firms but mostly diplomatic/economic infrastructure.","https://ised-isde.canada.ca/site/ised/en/canadas-national-artificial-intelligence-strategy-ai-all#:~:text=Europe%3A%20Germany%20is%20Canada%E2%80%99s%20anchor%20partner%20through%20the%20Sovereign%20Technology%20Alliance%2C%20with%20broader%20cooperation%20on%20critical%20minerals%2C%20clean%20energy%2C%20aerospace%20and%20defence.%20The%20UK%20is%20advancing%20joint%20work%20on%20AI%20safety%2C%20standards%20and%20defence%20AI.%20France%20is%20coordinating%20with%20Canada%20on%20AI%20governance%20under%20its%20G7%20Presidency.%20The%20EU-Canada%20Strategic%20Partnership%20of%20the%20Future%20will%20embed%20AI%20alongside%20critical%20minerals%2C%20clean%20energy%20and%20defence.%20Finland%20and%20Norway%20add%20complementary%20strengths%20in%20connectivity%2C%20space%2C%20digitalization%20and%20critical%20minerals.","captured"
"act-059","Pillar 6","Expanding international partnerships and AI collaboration","Indo-Pacific: Canada, Australia, and India are formalizing a trilateral technology and innovation partnership covering AI, quantum, trade missions, and private-sector matchmaking. Canada is also collaborating with Australia's AI Safety Institute on shared evaluation expertise. Japan offers opportunities in semiconductors, robotics, industrial AI, and quantum computing through the modernized Canada-Japan Joint Economic Committee.","Other","AI Entrepreneur; Other","International market and technology partnership action.","https://ised-isde.canada.ca/site/ised/en/canadas-national-artificial-intelligence-strategy-ai-all#:~:text=Indo-Pacific%3A%20Canada%2C%20Australia%2C%20and%20India%20are%20formalizing%20a%20trilateral%20technology%20and%20innovation%20partnership%20covering%20AI%2C%20quantum%2C%20trade%20missions%2C%20and%20private-sector%20matchmaking.%20Canada%20is%20also%20collaborating%20with%20Australia's%20AI%20Safety%20Institute%20on%20shared%20evaluation%20expertise.%20Japan%20offers%20opportunities%20in%20semiconductors%2C%20robotics%2C%20industrial%20AI%2C%20and%20quantum%20computing%20through%20the%20modernized%20Canada-Japan%20Joint%20Economic%20Committee.","captured"
"act-060","Pillar 6","Expanding international partnerships and AI collaboration","Middle East: The UAE is drawing sovereign wealth investment into Canadian data infrastructure and AI projects. Qatar is partnering with Canada on AI and emerging technologies, opening Gulf market access and supporting Vision 2030 diversification. Saudi Arabia is cooperating on tech and AI through the relaunched Joint Economic Commission.","Other","AI Entrepreneur; Other","International investment and market-access action with limited direct persona fit.","https://ised-isde.canada.ca/site/ised/en/canadas-national-artificial-intelligence-strategy-ai-all#:~:text=Middle%20East%3A%20The%20UAE%20is%20drawing%20sovereign%20wealth%20investment%20into%20Canadian%20data%20infrastructure%20and%20AI%20projects.%20Qatar%20is%20partnering%20with%20Canada%20on%20AI%20and%20emerging%20technologies%2C%20opening%20Gulf%20market%20access%20and%20supporting%20Vision%202030%20diversification.%20Saudi%20Arabia%20is%20cooperating%20on%20tech%20and%20AI%20through%20the%20relaunched%20Joint%20Economic%20Commission.","captured"
